[
    { "term": "Picachu", "definition": "Raichu" },
    { "term": "Charmander", "definition": "Charizard" },
    { "term": "Squirtle", "definition": "Blastoise" },
    { "term": "Bulbasaur", "definition": "Venusaur" },
    { "term": "Dratini ", "definition": "Dragonite" },
    { "term": "Pidgey", "definition": "Pidgeot " },
    { "term": "Rattata", "definition": "Raticate" },
    { "term": "Gastly ", "definition": "Gengar" },
    { "term": "Abra", "definition": "Alakazam" },
    { "term": "Growlithe", "definition": "Arcanine" }
    
  ]
  